{"cameraMode":{"drawMode":0,"name":"Shaded","section":"Shading Mode"},"sceneLighting":true,"audioPlay":false,"sceneViewState":{"m_AlwaysRefresh":false,"showFog":true,"showSkybox":true,"showFlares":true,"showImageEffects":true,"showParticleSystems":true,"showVisualEffectGraphs":true,"m_FxEnabled":true},"in2DMode":false,"pivot":{"x":1.4748127460479737,"y":5.221750259399414,"z":0.6442632675170898},"rotation":{"x":0.0001864312362158671,"y":-0.9838539958000183,"z":0.003332726191729307,"w":0.1793660968542099},"size":29.662036895751954,"orthographic":false}